Country Name,Country Code,Series Name,Series Code,Year,GDP
Botswana,BWA,GDP (current US$),NY.GDP.MKTP.CD,2010,12637273429.1339
Burkina Faso,BFA,GDP (current US$),NY.GDP.MKTP.CD,2010,10109619736.1442
Burundi,BDI,GDP (current US$),NY.GDP.MKTP.CD,2010,2032135191.46211
Cabo Verde,CPV,GDP (current US$),NY.GDP.MKTP.CD,2010,1824751459.69304
Cameroon,CMR,GDP (current US$),NY.GDP.MKTP.CD,2010,27507501809.2414
Central African Republic,CAF,GDP (current US$),NY.GDP.MKTP.CD,2010,2142591539.43526
Chad,TCD,GDP (current US$),NY.GDP.MKTP.CD,2010,10668103549.3123
"Congo, Dem. Rep.",COD,GDP (current US$),NY.GDP.MKTP.CD,2010,21565721036.3591
"Congo, Rep.",COG,GDP (current US$),NY.GDP.MKTP.CD,2010,13148396205.671
Cote d'Ivoire,CIV,GDP (current US$),NY.GDP.MKTP.CD,2010,34936307964.3213
Djibouti,DJI,GDP (current US$),NY.GDP.MKTP.CD,2010,1128611700.3618
"Egypt, Arab Rep.",EGY,GDP (current US$),NY.GDP.MKTP.CD,2010,218983666061.706
Equatorial Guinea,GNQ,GDP (current US$),NY.GDP.MKTP.CD,2010,16314443428.9392
Eritrea,ERI,GDP (current US$),NY.GDP.MKTP.CD,2010,1589515447.15447
Eswatini,SWZ,GDP (current US$),NY.GDP.MKTP.CD,2010,4438765109.49036
Gabon,GAB,GDP (current US$),NY.GDP.MKTP.CD,2010,14372593013.8124
"Gambia, The",GMB,GDP (current US$),NY.GDP.MKTP.CD,2010,1543294945.45714
Ghana,GHA,GDP (current US$),NY.GDP.MKTP.CD,2010,32197648061.1663
Guinea-Bissau,GNB,GDP (current US$),NY.GDP.MKTP.CD,2010,849878489.113364
Guinea,GIN,GDP (current US$),NY.GDP.MKTP.CD,2010,6853467832.6761
Kenya,KEN,GDP (current US$),NY.GDP.MKTP.CD,2010,45405615233.0693
Liberia,LBR,GDP (current US$),NY.GDP.MKTP.CD,2010,1998000000
Libya,LBY,GDP (current US$),NY.GDP.MKTP.CD,2010,75380800664.4198
Madagascar,MDG,GDP (current US$),NY.GDP.MKTP.CD,2010,9982711338.11814
Malawi,MWI,GDP (current US$),NY.GDP.MKTP.CD,2010,10128323010.6049
Mali,MLI,GDP (current US$),NY.GDP.MKTP.CD,2010,10689168011.4449
Mozambique,MOZ,GDP (current US$),NY.GDP.MKTP.CD,2010,11104649065.1649
Namibia,NAM,GDP (current US$),NY.GDP.MKTP.CD,2010,11431412421.1316
Niger,NER,GDP (current US$),NY.GDP.MKTP.CD,2010,7851192498.77154
Rwanda,RWA,GDP (current US$),NY.GDP.MKTP.CD,2010,6124693374.47064
Senegal,SEN,GDP (current US$),NY.GDP.MKTP.CD,2010,16121315901.8117
Sierra Leone,SLE,GDP (current US$),NY.GDP.MKTP.CD,2010,2578159479.90083
Somalia,SOM,GDP (current US$),NY.GDP.MKTP.CD,2010,..
South Africa,ZAF,GDP (current US$),NY.GDP.MKTP.CD,2010,417363825016.286
South Sudan,SSD,GDP (current US$),NY.GDP.MKTP.CD,2010,14602072410.9506
Sudan,SDN,GDP (current US$),NY.GDP.MKTP.CD,2010,74151157011.5251
Tanzania,TZA,GDP (current US$),NY.GDP.MKTP.CD,2010,32014247547.5146
Togo,TGO,GDP (current US$),NY.GDP.MKTP.CD,2010,4660369658.37123
Uganda,UGA,GDP (current US$),NY.GDP.MKTP.CD,2010,26673441432.4579
Africa Eastern and Southern,AFE,GDP (current US$),NY.GDP.MKTP.CD,2010,863519541417.774
Africa Western and Central,AFW,GDP (current US$),NY.GDP.MKTP.CD,2010,598521555565.839
Sub-Saharan Africa,SSF,GDP (current US$),NY.GDP.MKTP.CD,2010,1461708684777.31
Botswana,BWA,GDP (current US$),NY.GDP.MKTP.CD,2011,15110642875.5965
Burkina Faso,BFA,GDP (current US$),NY.GDP.MKTP.CD,2011,12080295984.7682
Burundi,BDI,GDP (current US$),NY.GDP.MKTP.CD,2011,2235820808.72908
Cabo Verde,CPV,GDP (current US$),NY.GDP.MKTP.CD,2011,2046817974.90838
Cameroon,CMR,GDP (current US$),NY.GDP.MKTP.CD,2011,30630910513.0616
Central African Republic,CAF,GDP (current US$),NY.GDP.MKTP.CD,2011,2437982706.57499
Chad,TCD,GDP (current US$),NY.GDP.MKTP.CD,2011,12172308858.2993
"Congo, Dem. Rep.",COD,GDP (current US$),NY.GDP.MKTP.CD,2011,25839749198.8233
"Congo, Rep.",COG,GDP (current US$),NY.GDP.MKTP.CD,2011,15655383585.9887
Cote d'Ivoire,CIV,GDP (current US$),NY.GDP.MKTP.CD,2011,36693710822.2216
Djibouti,DJI,GDP (current US$),NY.GDP.MKTP.CD,2011,1239144501.77525
"Egypt, Arab Rep.",EGY,GDP (current US$),NY.GDP.MKTP.CD,2011,235989672977.625
Equatorial Guinea,GNQ,GDP (current US$),NY.GDP.MKTP.CD,2011,21357343681.8949
Eritrea,ERI,GDP (current US$),NY.GDP.MKTP.CD,2011,2065001626.01626
Eswatini,SWZ,GDP (current US$),NY.GDP.MKTP.CD,2011,4820478592.33503
Gabon,GAB,GDP (current US$),NY.GDP.MKTP.CD,2011,18210307754.4426
"Gambia, The",GMB,GDP (current US$),NY.GDP.MKTP.CD,2011,1409693594.05748
Ghana,GHA,GDP (current US$),NY.GDP.MKTP.CD,2011,39336668080.559
Guinea-Bissau,GNB,GDP (current US$),NY.GDP.MKTP.CD,2011,1099818591.95727
Guinea,GIN,GDP (current US$),NY.GDP.MKTP.CD,2011,6785137215.23269
Kenya,KEN,GDP (current US$),NY.GDP.MKTP.CD,2011,46869473165.8905
Liberia,LBR,GDP (current US$),NY.GDP.MKTP.CD,2011,2398000000
Libya,LBY,GDP (current US$),NY.GDP.MKTP.CD,2011,48169243831.9141
Madagascar,MDG,GDP (current US$),NY.GDP.MKTP.CD,2011,11551819617.6271
Malawi,MWI,GDP (current US$),NY.GDP.MKTP.CD,2011,11648142958.3651
Mali,MLI,GDP (current US$),NY.GDP.MKTP.CD,2011,12995112698.0102
Mozambique,MOZ,GDP (current US$),NY.GDP.MKTP.CD,2011,14381552466.6044
Namibia,NAM,GDP (current US$),NY.GDP.MKTP.CD,2011,12523359440.5499
Niger,NER,GDP (current US$),NY.GDP.MKTP.CD,2011,8772950783.02414
Rwanda,RWA,GDP (current US$),NY.GDP.MKTP.CD,2011,6884907733.00484
Senegal,SEN,GDP (current US$),NY.GDP.MKTP.CD,2011,17814283649.9367
Sierra Leone,SLE,GDP (current US$),NY.GDP.MKTP.CD,2011,2932274241.9741
Somalia,SOM,GDP (current US$),NY.GDP.MKTP.CD,2011,..
South Africa,ZAF,GDP (current US$),NY.GDP.MKTP.CD,2011,458199486480.576
South Sudan,SSD,GDP (current US$),NY.GDP.MKTP.CD,2011,14907308932.7534
Sudan,SDN,GDP (current US$),NY.GDP.MKTP.CD,2011,78402841444.9524
Tanzania,TZA,GDP (current US$),NY.GDP.MKTP.CD,2011,34657141720.6759
Togo,TGO,GDP (current US$),NY.GDP.MKTP.CD,2011,5262368232.30347
Uganda,UGA,GDP (current US$),NY.GDP.MKTP.CD,2011,27871725245.1688
Africa Eastern and Southern,AFE,GDP (current US$),NY.GDP.MKTP.CD,2011,967824566958.791
Africa Western and Central,AFW,GDP (current US$),NY.GDP.MKTP.CD,2011,682015858791.681
Sub-Saharan Africa,SSF,GDP (current US$),NY.GDP.MKTP.CD,2011,1649496095768.74
Botswana,BWA,GDP (current US$),NY.GDP.MKTP.CD,2012,13907464500.1489
Burkina Faso,BFA,GDP (current US$),NY.GDP.MKTP.CD,2012,12561015145.3925
Burundi,BDI,GDP (current US$),NY.GDP.MKTP.CD,2012,2333341334.45753
Cabo Verde,CPV,GDP (current US$),NY.GDP.MKTP.CD,2012,1913081206.32052
Cameroon,CMR,GDP (current US$),NY.GDP.MKTP.CD,2012,30155062302.8443
Central African Republic,CAF,GDP (current US$),NY.GDP.MKTP.CD,2012,2510126509.99501
Chad,TCD,GDP (current US$),NY.GDP.MKTP.CD,2012,12367362746.1307
"Congo, Dem. Rep.",COD,GDP (current US$),NY.GDP.MKTP.CD,2012,29306235295.3371
"Congo, Rep.",COG,GDP (current US$),NY.GDP.MKTP.CD,2012,17692911280.5627
Cote d'Ivoire,CIV,GDP (current US$),NY.GDP.MKTP.CD,2012,36302302844.0196
Djibouti,DJI,GDP (current US$),NY.GDP.MKTP.CD,2012,1353632941.5207
"Egypt, Arab Rep.",EGY,GDP (current US$),NY.GDP.MKTP.CD,2012,279116666666.667
Equatorial Guinea,GNQ,GDP (current US$),NY.GDP.MKTP.CD,2012,22388344123.9938
Eritrea,ERI,GDP (current US$),NY.GDP.MKTP.CD,2012,..
Eswatini,SWZ,GDP (current US$),NY.GDP.MKTP.CD,2012,4886551706.18441
Gabon,GAB,GDP (current US$),NY.GDP.MKTP.CD,2012,17170464000.7824
"Gambia, The",GMB,GDP (current US$),NY.GDP.MKTP.CD,2012,1415004743.17939
Ghana,GHA,GDP (current US$),NY.GDP.MKTP.CD,2012,41271708599.715
Guinea-Bissau,GNB,GDP (current US$),NY.GDP.MKTP.CD,2012,989271155.126905
Guinea,GIN,GDP (current US$),NY.GDP.MKTP.CD,2012,7638045225.63676
Kenya,KEN,GDP (current US$),NY.GDP.MKTP.CD,2012,56396704833.4676
Liberia,LBR,GDP (current US$),NY.GDP.MKTP.CD,2012,2791614000
Libya,LBY,GDP (current US$),NY.GDP.MKTP.CD,2012,92540964665.5578
Madagascar,MDG,GDP (current US$),NY.GDP.MKTP.CD,2012,11578975063.7975
Malawi,MWI,GDP (current US$),NY.GDP.MKTP.CD,2012,8773203178.16512
Mali,MLI,GDP (current US$),NY.GDP.MKTP.CD,2012,12442035328.035
Mozambique,MOZ,GDP (current US$),NY.GDP.MKTP.CD,2012,16350813486.9908
Namibia,NAM,GDP (current US$),NY.GDP.MKTP.CD,2012,13042053856.9696
Niger,NER,GDP (current US$),NY.GDP.MKTP.CD,2012,9426912639.20382
Rwanda,RWA,GDP (current US$),NY.GDP.MKTP.CD,2012,7654782978.58736
Senegal,SEN,GDP (current US$),NY.GDP.MKTP.CD,2012,17660870395.8103
Sierra Leone,SLE,GDP (current US$),NY.GDP.MKTP.CD,2012,3789251962.27583
Somalia,SOM,GDP (current US$),NY.GDP.MKTP.CD,2012,..
South Africa,ZAF,GDP (current US$),NY.GDP.MKTP.CD,2012,434400545085.811
South Sudan,SSD,GDP (current US$),NY.GDP.MKTP.CD,2012,11931472169.4915
Sudan,SDN,GDP (current US$),NY.GDP.MKTP.CD,2012,63196236489.3704
Tanzania,TZA,GDP (current US$),NY.GDP.MKTP.CD,2012,39650522645.9811
Togo,TGO,GDP (current US$),NY.GDP.MKTP.CD,2012,5263522037.22724
Uganda,UGA,GDP (current US$),NY.GDP.MKTP.CD,2012,27305915907.9939
Africa Eastern and Southern,AFE,GDP (current US$),NY.GDP.MKTP.CD,2012,975354777362.368
Africa Western and Central,AFW,GDP (current US$),NY.GDP.MKTP.CD,2012,737589473577.072
Sub-Saharan Africa,SSF,GDP (current US$),NY.GDP.MKTP.CD,2012,1712723978723.04
Botswana,BWA,GDP (current US$),NY.GDP.MKTP.CD,2013,14271738366.7917
Burkina Faso,BFA,GDP (current US$),NY.GDP.MKTP.CD,2013,13444300489.8634
Burundi,BDI,GDP (current US$),NY.GDP.MKTP.CD,2013,2451606631.76696
Cabo Verde,CPV,GDP (current US$),NY.GDP.MKTP.CD,2013,2028910915.16446
Cameroon,CMR,GDP (current US$),NY.GDP.MKTP.CD,2013,33728621190.2114
Central African Republic,CAF,GDP (current US$),NY.GDP.MKTP.CD,2013,1691544110.6915
Chad,TCD,GDP (current US$),NY.GDP.MKTP.CD,2013,12953534870.304
"Congo, Dem. Rep.",COD,GDP (current US$),NY.GDP.MKTP.CD,2013,32679745036.2659
"Congo, Rep.",COG,GDP (current US$),NY.GDP.MKTP.CD,2013,17958720704.4596
Cote d'Ivoire,CIV,GDP (current US$),NY.GDP.MKTP.CD,2013,42760235496.3898
Djibouti,DJI,GDP (current US$),NY.GDP.MKTP.CD,2013,2042817162.85639
"Egypt, Arab Rep.",EGY,GDP (current US$),NY.GDP.MKTP.CD,2013,288434108527.132
Equatorial Guinea,GNQ,GDP (current US$),NY.GDP.MKTP.CD,2013,21948834290.3521
Eritrea,ERI,GDP (current US$),NY.GDP.MKTP.CD,2013,..
Eswatini,SWZ,GDP (current US$),NY.GDP.MKTP.CD,2013,4597552948.64649
Gabon,GAB,GDP (current US$),NY.GDP.MKTP.CD,2013,17595744803.6041
"Gambia, The",GMB,GDP (current US$),NY.GDP.MKTP.CD,2013,1375609459.78172
Ghana,GHA,GDP (current US$),NY.GDP.MKTP.CD,2013,62824629066.0408
Guinea-Bissau,GNB,GDP (current US$),NY.GDP.MKTP.CD,2013,1046087367.44973
Guinea,GIN,GDP (current US$),NY.GDP.MKTP.CD,2013,8376613880.25749
Kenya,KEN,GDP (current US$),NY.GDP.MKTP.CD,2013,61671440480.6895
Liberia,LBR,GDP (current US$),NY.GDP.MKTP.CD,2013,3177198100
Libya,LBY,GDP (current US$),NY.GDP.MKTP.CD,2013,75351117628.308
Madagascar,MDG,GDP (current US$),NY.GDP.MKTP.CD,2013,12423555457.0352
Malawi,MWI,GDP (current US$),NY.GDP.MKTP.CD,2013,8031571927.62055
Mali,MLI,GDP (current US$),NY.GDP.MKTP.CD,2013,13242690790.0557
Mozambique,MOZ,GDP (current US$),NY.GDP.MKTP.CD,2013,16974314296.2182
Namibia,NAM,GDP (current US$),NY.GDP.MKTP.CD,2013,12043307277.1235
Niger,NER,GDP (current US$),NY.GDP.MKTP.CD,2013,10224897440.9239
Rwanda,RWA,GDP (current US$),NY.GDP.MKTP.CD,2013,7820052084.03387
Senegal,SEN,GDP (current US$),NY.GDP.MKTP.CD,2013,18918667730.5417
Sierra Leone,SLE,GDP (current US$),NY.GDP.MKTP.CD,2013,4920343203.30269
Somalia,SOM,GDP (current US$),NY.GDP.MKTP.CD,2013,4577000011.76017
South Africa,ZAF,GDP (current US$),NY.GDP.MKTP.CD,2013,400886013595.573
South Sudan,SSD,GDP (current US$),NY.GDP.MKTP.CD,2013,18426469016.9492
Sudan,SDN,GDP (current US$),NY.GDP.MKTP.CD,2013,66027147864.7915
Tanzania,TZA,GDP (current US$),NY.GDP.MKTP.CD,2013,45680532613.7591
Togo,TGO,GDP (current US$),NY.GDP.MKTP.CD,2013,5872790935.48729
Uganda,UGA,GDP (current US$),NY.GDP.MKTP.CD,2013,28915786520.3935
Africa Eastern and Southern,AFE,GDP (current US$),NY.GDP.MKTP.CD,2013,985987130726.701
Africa Western and Central,AFW,GDP (current US$),NY.GDP.MKTP.CD,2013,833948054767.438
Sub-Saharan Africa,SSF,GDP (current US$),NY.GDP.MKTP.CD,2013,1819935185494.14
Botswana,BWA,GDP (current US$),NY.GDP.MKTP.CD,2014,15470087926.2484
Burkina Faso,BFA,GDP (current US$),NY.GDP.MKTP.CD,2014,13943016080.2646
Burundi,BDI,GDP (current US$),NY.GDP.MKTP.CD,2014,2705783330.38796
Cabo Verde,CPV,GDP (current US$),NY.GDP.MKTP.CD,2014,2041930125.42979
Cameroon,CMR,GDP (current US$),NY.GDP.MKTP.CD,2014,36386544716.0794
Central African Republic,CAF,GDP (current US$),NY.GDP.MKTP.CD,2014,1894813389.88175
Chad,TCD,GDP (current US$),NY.GDP.MKTP.CD,2014,13940767222.1053
"Congo, Dem. Rep.",COD,GDP (current US$),NY.GDP.MKTP.CD,2014,35909040943.885
"Congo, Rep.",COG,GDP (current US$),NY.GDP.MKTP.CD,2014,17912907682.0663
Cote d'Ivoire,CIV,GDP (current US$),NY.GDP.MKTP.CD,2014,48843005625.0307
Djibouti,DJI,GDP (current US$),NY.GDP.MKTP.CD,2014,2214679081.25658
"Egypt, Arab Rep.",EGY,GDP (current US$),NY.GDP.MKTP.CD,2014,305595408895.265
Equatorial Guinea,GNQ,GDP (current US$),NY.GDP.MKTP.CD,2014,21765453087.479
Eritrea,ERI,GDP (current US$),NY.GDP.MKTP.CD,2014,..
Eswatini,SWZ,GDP (current US$),NY.GDP.MKTP.CD,2014,4422986447.48958
Gabon,GAB,GDP (current US$),NY.GDP.MKTP.CD,2014,18203966900.4404
"Gambia, The",GMB,GDP (current US$),NY.GDP.MKTP.CD,2014,1229461731.70458
Ghana,GHA,GDP (current US$),NY.GDP.MKTP.CD,2014,54783320576.8882
Guinea-Bissau,GNB,GDP (current US$),NY.GDP.MKTP.CD,2014,1054915581.36774
Guinea,GIN,GDP (current US$),NY.GDP.MKTP.CD,2014,8778473643.01989
Kenya,KEN,GDP (current US$),NY.GDP.MKTP.CD,2014,68285796662.6532
Liberia,LBR,GDP (current US$),NY.GDP.MKTP.CD,2014,3225652000
Libya,LBY,GDP (current US$),NY.GDP.MKTP.CD,2014,57372352562.4888
Madagascar,MDG,GDP (current US$),NY.GDP.MKTP.CD,2014,12522957401.0395
Malawi,MWI,GDP (current US$),NY.GDP.MKTP.CD,2014,8801326169.14547
Mali,MLI,GDP (current US$),NY.GDP.MKTP.CD,2014,14364937127.7002
Mozambique,MOZ,GDP (current US$),NY.GDP.MKTP.CD,2014,17716091057.2675
Namibia,NAM,GDP (current US$),NY.GDP.MKTP.CD,2014,12435430396.1929
Niger,NER,GDP (current US$),NY.GDP.MKTP.CD,2014,10862943546.2851
Rwanda,RWA,GDP (current US$),NY.GDP.MKTP.CD,2014,8239042500.28733
Senegal,SEN,GDP (current US$),NY.GDP.MKTP.CD,2014,19797253445.2673
Sierra Leone,SLE,GDP (current US$),NY.GDP.MKTP.CD,2014,5015180836.19495
Somalia,SOM,GDP (current US$),NY.GDP.MKTP.CD,2014,5024999991.72061
South Africa,ZAF,GDP (current US$),NY.GDP.MKTP.CD,2014,381198869776.106
South Sudan,SSD,GDP (current US$),NY.GDP.MKTP.CD,2014,13962212847.4576
Sudan,SDN,GDP (current US$),NY.GDP.MKTP.CD,2014,76818773784.7605
Tanzania,TZA,GDP (current US$),NY.GDP.MKTP.CD,2014,49964825081.1078
Togo,TGO,GDP (current US$),NY.GDP.MKTP.CD,2014,6217047648.63985
Uganda,UGA,GDP (current US$),NY.GDP.MKTP.CD,2014,32612397253.2395
Africa Eastern and Southern,AFE,GDP (current US$),NY.GDP.MKTP.CD,2014,1006526390112.83
Africa Western and Central,AFW,GDP (current US$),NY.GDP.MKTP.CD,2014,894322482190.281
Sub-Saharan Africa,SSF,GDP (current US$),NY.GDP.MKTP.CD,2014,1900848872303.11
Botswana,BWA,GDP (current US$),NY.GDP.MKTP.CD,2015,13530749289.7861
Burkina Faso,BFA,GDP (current US$),NY.GDP.MKTP.CD,2015,11832159315.9778
Burundi,BDI,GDP (current US$),NY.GDP.MKTP.CD,2015,3104003545.60675
Cabo Verde,CPV,GDP (current US$),NY.GDP.MKTP.CD,2015,1749857628.40716
Cameroon,CMR,GDP (current US$),NY.GDP.MKTP.CD,2015,32210233021.5735
Central African Republic,CAF,GDP (current US$),NY.GDP.MKTP.CD,2015,1695825714.2427
Chad,TCD,GDP (current US$),NY.GDP.MKTP.CD,2015,10950392257.2764
"Congo, Dem. Rep.",COD,GDP (current US$),NY.GDP.MKTP.CD,2015,37917706485.5896
"Congo, Rep.",COG,GDP (current US$),NY.GDP.MKTP.CD,2015,11890259176.6829
Cote d'Ivoire,CIV,GDP (current US$),NY.GDP.MKTP.CD,2015,45815005170.6127
Djibouti,DJI,GDP (current US$),NY.GDP.MKTP.CD,2015,2424391785.43897
"Egypt, Arab Rep.",EGY,GDP (current US$),NY.GDP.MKTP.CD,2015,329366576819.407
Equatorial Guinea,GNQ,GDP (current US$),NY.GDP.MKTP.CD,2015,13185496881.4052
Eritrea,ERI,GDP (current US$),NY.GDP.MKTP.CD,2015,..
Eswatini,SWZ,GDP (current US$),NY.GDP.MKTP.CD,2015,4063245671.29285
Gabon,GAB,GDP (current US$),NY.GDP.MKTP.CD,2015,14383107763.1182
"Gambia, The",GMB,GDP (current US$),NY.GDP.MKTP.CD,2015,1378176605.93705
Ghana,GHA,GDP (current US$),NY.GDP.MKTP.CD,2015,49406014245.4296
Guinea-Bissau,GNB,GDP (current US$),NY.GDP.MKTP.CD,2015,1048229632.99726
Guinea,GIN,GDP (current US$),NY.GDP.MKTP.CD,2015,8794202394.72245
Kenya,KEN,GDP (current US$),NY.GDP.MKTP.CD,2015,70120446663.6256
Liberia,LBR,GDP (current US$),NY.GDP.MKTP.CD,2015,3227075700
Libya,LBY,GDP (current US$),NY.GDP.MKTP.CD,2015,48717506272.6981
Madagascar,MDG,GDP (current US$),NY.GDP.MKTP.CD,2015,11323020699.9128
Malawi,MWI,GDP (current US$),NY.GDP.MKTP.CD,2015,9219474373.16418
Mali,MLI,GDP (current US$),NY.GDP.MKTP.CD,2015,13104764378.7114
Mozambique,MOZ,GDP (current US$),NY.GDP.MKTP.CD,2015,15950979333.1582
Namibia,NAM,GDP (current US$),NY.GDP.MKTP.CD,2015,11335161230.1608
Niger,NER,GDP (current US$),NY.GDP.MKTP.CD,2015,9683867926.72766
Rwanda,RWA,GDP (current US$),NY.GDP.MKTP.CD,2015,8543869360.36164
Senegal,SEN,GDP (current US$),NY.GDP.MKTP.CD,2015,17774766696.6987
Sierra Leone,SLE,GDP (current US$),NY.GDP.MKTP.CD,2015,4252029353.82191
Somalia,SOM,GDP (current US$),NY.GDP.MKTP.CD,2015,5335000000
South Africa,ZAF,GDP (current US$),NY.GDP.MKTP.CD,2015,346709790458.563
South Sudan,SSD,GDP (current US$),NY.GDP.MKTP.CD,2015,11997800760.2242
Sudan,SDN,GDP (current US$),NY.GDP.MKTP.CD,2015,84984672415.9401
Tanzania,TZA,GDP (current US$),NY.GDP.MKTP.CD,2015,47378603783.6471
Togo,TGO,GDP (current US$),NY.GDP.MKTP.CD,2015,5681469374.10362
Uganda,UGA,GDP (current US$),NY.GDP.MKTP.CD,2015,32387183733.0207
Africa Eastern and Southern,AFE,GDP (current US$),NY.GDP.MKTP.CD,2015,927348469903.115
Africa Western and Central,AFW,GDP (current US$),NY.GDP.MKTP.CD,2015,768644740597.116
Sub-Saharan Africa,SSF,GDP (current US$),NY.GDP.MKTP.CD,2015,1695993210500.23
Botswana,BWA,GDP (current US$),NY.GDP.MKTP.CD,2016,15082636722.856
Burkina Faso,BFA,GDP (current US$),NY.GDP.MKTP.CD,2016,12833363043.9719
Burundi,BDI,GDP (current US$),NY.GDP.MKTP.CD,2016,2644487777.23693
Cabo Verde,CPV,GDP (current US$),NY.GDP.MKTP.CD,2016,1849789992.74328
Cameroon,CMR,GDP (current US$),NY.GDP.MKTP.CD,2016,33814337040.7804
Central African Republic,CAF,GDP (current US$),NY.GDP.MKTP.CD,2016,1825018144.46187
Chad,TCD,GDP (current US$),NY.GDP.MKTP.CD,2016,10097778097.0969
"Congo, Dem. Rep.",COD,GDP (current US$),NY.GDP.MKTP.CD,2016,37134801548.836
"Congo, Rep.",COG,GDP (current US$),NY.GDP.MKTP.CD,2016,10219341017.1383
Cote d'Ivoire,CIV,GDP (current US$),NY.GDP.MKTP.CD,2016,48407761031.6758
Djibouti,DJI,GDP (current US$),NY.GDP.MKTP.CD,2016,2604955228.70117
"Egypt, Arab Rep.",EGY,GDP (current US$),NY.GDP.MKTP.CD,2016,332441717791.411
Equatorial Guinea,GNQ,GDP (current US$),NY.GDP.MKTP.CD,2016,11240808846.6924
Eritrea,ERI,GDP (current US$),NY.GDP.MKTP.CD,2016,..
Eswatini,SWZ,GDP (current US$),NY.GDP.MKTP.CD,2016,3816019222.86268
Gabon,GAB,GDP (current US$),NY.GDP.MKTP.CD,2016,14023890263.875
"Gambia, The",GMB,GDP (current US$),NY.GDP.MKTP.CD,2016,1484578897.15783
Ghana,GHA,GDP (current US$),NY.GDP.MKTP.CD,2016,56164933479.4044
Guinea-Bissau,GNB,GDP (current US$),NY.GDP.MKTP.CD,2016,1179004911.26075
Guinea,GIN,GDP (current US$),NY.GDP.MKTP.CD,2016,8595955600.7877
Kenya,KEN,GDP (current US$),NY.GDP.MKTP.CD,2016,74815143796.3978
Liberia,LBR,GDP (current US$),NY.GDP.MKTP.CD,2016,3398419600
Libya,LBY,GDP (current US$),NY.GDP.MKTP.CD,2016,49912085228.3487
Madagascar,MDG,GDP (current US$),NY.GDP.MKTP.CD,2016,11848613859.5279
Malawi,MWI,GDP (current US$),NY.GDP.MKTP.CD,2016,7909868618.46366
Mali,MLI,GDP (current US$),NY.GDP.MKTP.CD,2016,14026048334.2131
Mozambique,MOZ,GDP (current US$),NY.GDP.MKTP.CD,2016,11936993086.9579
Namibia,NAM,GDP (current US$),NY.GDP.MKTP.CD,2016,10722018975.0783
Niger,NER,GDP (current US$),NY.GDP.MKTP.CD,2016,10398861980.6524
Rwanda,RWA,GDP (current US$),NY.GDP.MKTP.CD,2016,8695318854.11055
Senegal,SEN,GDP (current US$),NY.GDP.MKTP.CD,2016,19040312331.1615
Sierra Leone,SLE,GDP (current US$),NY.GDP.MKTP.CD,2016,3862721204.61052
Somalia,SOM,GDP (current US$),NY.GDP.MKTP.CD,2016,5534000000
South Africa,ZAF,GDP (current US$),NY.GDP.MKTP.CD,2016,323585509674.481
South Sudan,SSD,GDP (current US$),NY.GDP.MKTP.CD,2016,..
Sudan,SDN,GDP (current US$),NY.GDP.MKTP.CD,2016,102943515502.994
Tanzania,TZA,GDP (current US$),NY.GDP.MKTP.CD,2016,49774004999.2038
Togo,TGO,GDP (current US$),NY.GDP.MKTP.CD,2016,6031632014.86013
Uganda,UGA,GDP (current US$),NY.GDP.MKTP.CD,2016,29203988697.459
Africa Eastern and Southern,AFE,GDP (current US$),NY.GDP.MKTP.CD,2016,885176429223.509
Africa Western and Central,AFW,GDP (current US$),NY.GDP.MKTP.CD,2016,691363412188.46
Sub-Saharan Africa,SSF,GDP (current US$),NY.GDP.MKTP.CD,2016,1576539841411.97
Botswana,BWA,GDP (current US$),NY.GDP.MKTP.CD,2017,16105156375.5848
Burkina Faso,BFA,GDP (current US$),NY.GDP.MKTP.CD,2017,14106955625.3571
Burundi,BDI,GDP (current US$),NY.GDP.MKTP.CD,2017,2723586962.18686
Cabo Verde,CPV,GDP (current US$),NY.GDP.MKTP.CD,2017,1996741544.61549
Cameroon,CMR,GDP (current US$),NY.GDP.MKTP.CD,2017,36098547058.7877
Central African Republic,CAF,GDP (current US$),NY.GDP.MKTP.CD,2017,2072349974.15272
Chad,TCD,GDP (current US$),NY.GDP.MKTP.CD,2017,10000394388.1158
"Congo, Dem. Rep.",COD,GDP (current US$),NY.GDP.MKTP.CD,2017,38019264804.5125
"Congo, Rep.",COG,GDP (current US$),NY.GDP.MKTP.CD,2017,11094823676.5914
Cote d'Ivoire,CIV,GDP (current US$),NY.GDP.MKTP.CD,2017,52512344033.9625
Djibouti,DJI,GDP (current US$),NY.GDP.MKTP.CD,2017,2762581334.22612
"Egypt, Arab Rep.",EGY,GDP (current US$),NY.GDP.MKTP.CD,2017,248362771739.13
Equatorial Guinea,GNQ,GDP (current US$),NY.GDP.MKTP.CD,2017,12200913887.6428
Eritrea,ERI,GDP (current US$),NY.GDP.MKTP.CD,2017,..
Eswatini,SWZ,GDP (current US$),NY.GDP.MKTP.CD,2017,4402969225.92165
Gabon,GAB,GDP (current US$),NY.GDP.MKTP.CD,2017,14929487495.759
"Gambia, The",GMB,GDP (current US$),NY.GDP.MKTP.CD,2017,1504909447.77459
Ghana,GHA,GDP (current US$),NY.GDP.MKTP.CD,2017,60405920071.1024
Guinea-Bissau,GNB,GDP (current US$),NY.GDP.MKTP.CD,2017,1350177012.24771
Guinea,GIN,GDP (current US$),NY.GDP.MKTP.CD,2017,10324668270.876
Kenya,KEN,GDP (current US$),NY.GDP.MKTP.CD,2017,82036511258.8324
Liberia,LBR,GDP (current US$),NY.GDP.MKTP.CD,2017,3390703400
Libya,LBY,GDP (current US$),NY.GDP.MKTP.CD,2017,67157451660.2727
Madagascar,MDG,GDP (current US$),NY.GDP.MKTP.CD,2017,13176313593.5509
Malawi,MWI,GDP (current US$),NY.GDP.MKTP.CD,2017,8943543677.18899
Mali,MLI,GDP (current US$),NY.GDP.MKTP.CD,2017,15365713059.1057
Mozambique,MOZ,GDP (current US$),NY.GDP.MKTP.CD,2017,13219079497.7055
Namibia,NAM,GDP (current US$),NY.GDP.MKTP.CD,2017,12895153160.466
Niger,NER,GDP (current US$),NY.GDP.MKTP.CD,2017,11185101444.3729
Rwanda,RWA,GDP (current US$),NY.GDP.MKTP.CD,2017,9252833678.08916
Senegal,SEN,GDP (current US$),NY.GDP.MKTP.CD,2017,20996562958.501
Sierra Leone,SLE,GDP (current US$),NY.GDP.MKTP.CD,2017,3719443317.52413
Somalia,SOM,GDP (current US$),NY.GDP.MKTP.CD,2017,5609000000
South Africa,ZAF,GDP (current US$),NY.GDP.MKTP.CD,2017,381448814653.456
South Sudan,SSD,GDP (current US$),NY.GDP.MKTP.CD,2017,..
Sudan,SDN,GDP (current US$),NY.GDP.MKTP.CD,2017,129718581297.431
Tanzania,TZA,GDP (current US$),NY.GDP.MKTP.CD,2017,53275968094.8533
Togo,TGO,GDP (current US$),NY.GDP.MKTP.CD,2017,6395472028.24361
Uganda,UGA,GDP (current US$),NY.GDP.MKTP.CD,2017,30744473839.7439
Africa Eastern and Southern,AFE,GDP (current US$),NY.GDP.MKTP.CD,2017,1021043200767.01
Africa Western and Central,AFW,GDP (current US$),NY.GDP.MKTP.CD,2017,684898755570.717
Sub-Saharan Africa,SSF,GDP (current US$),NY.GDP.MKTP.CD,2017,1705941956337.72
Botswana,BWA,GDP (current US$),NY.GDP.MKTP.CD,2018,17031943186.1353
Burkina Faso,BFA,GDP (current US$),NY.GDP.MKTP.CD,2018,15890066209.8959
Burundi,BDI,GDP (current US$),NY.GDP.MKTP.CD,2018,2667182198.97925
Cabo Verde,CPV,GDP (current US$),NY.GDP.MKTP.CD,2018,2205099509.15921
Cameroon,CMR,GDP (current US$),NY.GDP.MKTP.CD,2018,39973842058.565
Central African Republic,CAF,GDP (current US$),NY.GDP.MKTP.CD,2018,2220979144.52008
Chad,TCD,GDP (current US$),NY.GDP.MKTP.CD,2018,11239167890.2816
"Congo, Dem. Rep.",COD,GDP (current US$),NY.GDP.MKTP.CD,2018,47568210020.9338
"Congo, Rep.",COG,GDP (current US$),NY.GDP.MKTP.CD,2018,13670038019.8594
Cote d'Ivoire,CIV,GDP (current US$),NY.GDP.MKTP.CD,2018,58522477744.7313
Djibouti,DJI,GDP (current US$),NY.GDP.MKTP.CD,2018,2913466732.12507
"Egypt, Arab Rep.",EGY,GDP (current US$),NY.GDP.MKTP.CD,2018,262588632526.73
Equatorial Guinea,GNQ,GDP (current US$),NY.GDP.MKTP.CD,2018,13097012124.2261
Eritrea,ERI,GDP (current US$),NY.GDP.MKTP.CD,2018,..
Eswatini,SWZ,GDP (current US$),NY.GDP.MKTP.CD,2018,4666598023.91856
Gabon,GAB,GDP (current US$),NY.GDP.MKTP.CD,2018,16867326389.8696
"Gambia, The",GMB,GDP (current US$),NY.GDP.MKTP.CD,2018,1670671340.37966
Ghana,GHA,GDP (current US$),NY.GDP.MKTP.CD,2018,67298913752.0241
Guinea-Bissau,GNB,GDP (current US$),NY.GDP.MKTP.CD,2018,1504630233.68639
Guinea,GIN,GDP (current US$),NY.GDP.MKTP.CD,2018,11857030366.4598
Kenya,KEN,GDP (current US$),NY.GDP.MKTP.CD,2018,92202979940.671
Liberia,LBR,GDP (current US$),NY.GDP.MKTP.CD,2018,3422754800
Libya,LBY,GDP (current US$),NY.GDP.MKTP.CD,2018,76686048499.3527
Madagascar,MDG,GDP (current US$),NY.GDP.MKTP.CD,2018,13760033282.6071
Malawi,MWI,GDP (current US$),NY.GDP.MKTP.CD,2018,9880675785.93057
Mali,MLI,GDP (current US$),NY.GDP.MKTP.CD,2018,17070867577.6666
Mozambique,MOZ,GDP (current US$),NY.GDP.MKTP.CD,2018,14845400592.6712
Namibia,NAM,GDP (current US$),NY.GDP.MKTP.CD,2018,13682019171.6627
Niger,NER,GDP (current US$),NY.GDP.MKTP.CD,2018,12808661487.4035
Rwanda,RWA,GDP (current US$),NY.GDP.MKTP.CD,2018,9636510839.30707
Senegal,SEN,GDP (current US$),NY.GDP.MKTP.CD,2018,23116701539.5646
Sierra Leone,SLE,GDP (current US$),NY.GDP.MKTP.CD,2018,4085114542.06831
Somalia,SOM,GDP (current US$),NY.GDP.MKTP.CD,2018,5856000006.22021
South Africa,ZAF,GDP (current US$),NY.GDP.MKTP.CD,2018,404158882459.024
South Sudan,SSD,GDP (current US$),NY.GDP.MKTP.CD,2018,..
Sudan,SDN,GDP (current US$),NY.GDP.MKTP.CD,2018,32333780383.2924
Tanzania,TZA,GDP (current US$),NY.GDP.MKTP.CD,2018,57003686049.4102
Togo,TGO,GDP (current US$),NY.GDP.MKTP.CD,2018,7029217931.75029
Uganda,UGA,GDP (current US$),NY.GDP.MKTP.CD,2018,32927025621.3848
Africa Eastern and Southern,AFE,GDP (current US$),NY.GDP.MKTP.CD,2018,1007196197587.41
Africa Western and Central,AFW,GDP (current US$),NY.GDP.MKTP.CD,2018,767025741475.038
Sub-Saharan Africa,SSF,GDP (current US$),NY.GDP.MKTP.CD,2018,1774221939062.45
Botswana,BWA,GDP (current US$),NY.GDP.MKTP.CD,2019,16725908661.9419
Burkina Faso,BFA,GDP (current US$),NY.GDP.MKTP.CD,2019,16178161666.1334
Burundi,BDI,GDP (current US$),NY.GDP.MKTP.CD,2019,2576518879.39881
Cabo Verde,CPV,GDP (current US$),NY.GDP.MKTP.CD,2019,2266752197.42617
Cameroon,CMR,GDP (current US$),NY.GDP.MKTP.CD,2019,39670976440.3158
Central African Republic,CAF,GDP (current US$),NY.GDP.MKTP.CD,2019,2221301350.75537
Chad,TCD,GDP (current US$),NY.GDP.MKTP.CD,2019,11314951088.2451
"Congo, Dem. Rep.",COD,GDP (current US$),NY.GDP.MKTP.CD,2019,51775829868.7669
"Congo, Rep.",COG,GDP (current US$),NY.GDP.MKTP.CD,2019,12750338736.1661
Cote d'Ivoire,CIV,GDP (current US$),NY.GDP.MKTP.CD,2019,59898479821.1946
Djibouti,DJI,GDP (current US$),NY.GDP.MKTP.CD,2019,3088853638.56832
"Egypt, Arab Rep.",EGY,GDP (current US$),NY.GDP.MKTP.CD,2019,318678815489.749
Equatorial Guinea,GNQ,GDP (current US$),NY.GDP.MKTP.CD,2019,11364133546.2494
Eritrea,ERI,GDP (current US$),NY.GDP.MKTP.CD,2019,..
Eswatini,SWZ,GDP (current US$),NY.GDP.MKTP.CD,2019,4466214522.19539
Gabon,GAB,GDP (current US$),NY.GDP.MKTP.CD,2019,16874405460.1964
"Gambia, The",GMB,GDP (current US$),NY.GDP.MKTP.CD,2019,1813609679.15313
Ghana,GHA,GDP (current US$),NY.GDP.MKTP.CD,2019,68337974418.7681
Guinea-Bissau,GNB,GDP (current US$),NY.GDP.MKTP.CD,2019,1439638410.99593
Guinea,GIN,GDP (current US$),NY.GDP.MKTP.CD,2019,13442861496.5747
Kenya,KEN,GDP (current US$),NY.GDP.MKTP.CD,2019,100378435824.178
Liberia,LBR,GDP (current US$),NY.GDP.MKTP.CD,2019,3319596500
Libya,LBY,GDP (current US$),NY.GDP.MKTP.CD,2019,69254143968.3398
Madagascar,MDG,GDP (current US$),NY.GDP.MKTP.CD,2019,14104664677.9627
Malawi,MWI,GDP (current US$),NY.GDP.MKTP.CD,2019,11025371147.1876
Mali,MLI,GDP (current US$),NY.GDP.MKTP.CD,2019,17280250805.2245
Mozambique,MOZ,GDP (current US$),NY.GDP.MKTP.CD,2019,15390031039.9957
Namibia,NAM,GDP (current US$),NY.GDP.MKTP.CD,2019,12541928102.7657
Niger,NER,GDP (current US$),NY.GDP.MKTP.CD,2019,12916454870.5458
Rwanda,RWA,GDP (current US$),NY.GDP.MKTP.CD,2019,10346675636.3397
Senegal,SEN,GDP (current US$),NY.GDP.MKTP.CD,2019,23403995984.9306
Sierra Leone,SLE,GDP (current US$),NY.GDP.MKTP.CD,2019,4076578653.54714
Somalia,SOM,GDP (current US$),NY.GDP.MKTP.CD,2019,6485000000
South Africa,ZAF,GDP (current US$),NY.GDP.MKTP.CD,2019,388531226582.351
South Sudan,SSD,GDP (current US$),NY.GDP.MKTP.CD,2019,..
Sudan,SDN,GDP (current US$),NY.GDP.MKTP.CD,2019,32338079165.2893
Tanzania,TZA,GDP (current US$),NY.GDP.MKTP.CD,2019,61026765850.3054
Togo,TGO,GDP (current US$),NY.GDP.MKTP.CD,2019,6992656428.93581
Uganda,UGA,GDP (current US$),NY.GDP.MKTP.CD,2019,35348155092.292
Africa Eastern and Southern,AFE,GDP (current US$),NY.GDP.MKTP.CD,2019,1000834077088.55
Africa Western and Central,AFW,GDP (current US$),NY.GDP.MKTP.CD,2019,822538393591.447
Sub-Saharan Africa,SSF,GDP (current US$),NY.GDP.MKTP.CD,2019,1823372470680
Botswana,BWA,GDP (current US$),NY.GDP.MKTP.CD,2020,14960291540.5283
Burkina Faso,BFA,GDP (current US$),NY.GDP.MKTP.CD,2020,17933606212.6294
Burundi,BDI,GDP (current US$),NY.GDP.MKTP.CD,2020,2649680261.01097
Cabo Verde,CPV,GDP (current US$),NY.GDP.MKTP.CD,2020,1878277311.2253
Cameroon,CMR,GDP (current US$),NY.GDP.MKTP.CD,2020,40773241211.6941
Central African Republic,CAF,GDP (current US$),NY.GDP.MKTP.CD,2020,2326720902.35741
Chad,TCD,GDP (current US$),NY.GDP.MKTP.CD,2020,10715396051.4388
"Congo, Dem. Rep.",COD,GDP (current US$),NY.GDP.MKTP.CD,2020,48716961864.5378
"Congo, Rep.",COG,GDP (current US$),NY.GDP.MKTP.CD,2020,10483151093.6873
Cote d'Ivoire,CIV,GDP (current US$),NY.GDP.MKTP.CD,2020,62982768371.5174
Djibouti,DJI,GDP (current US$),NY.GDP.MKTP.CD,2020,3181071153.6622
"Egypt, Arab Rep.",EGY,GDP (current US$),NY.GDP.MKTP.CD,2020,383817841547.099
Equatorial Guinea,GNQ,GDP (current US$),NY.GDP.MKTP.CD,2020,10099157995.5789
Eritrea,ERI,GDP (current US$),NY.GDP.MKTP.CD,2020,..
Eswatini,SWZ,GDP (current US$),NY.GDP.MKTP.CD,2020,3982236726.3678
Gabon,GAB,GDP (current US$),NY.GDP.MKTP.CD,2020,15314577167.8199
"Gambia, The",GMB,GDP (current US$),NY.GDP.MKTP.CD,2020,1812170878.30632
Ghana,GHA,GDP (current US$),NY.GDP.MKTP.CD,2020,70043095503.2503
Guinea-Bissau,GNB,GDP (current US$),NY.GDP.MKTP.CD,2020,1431758231.68287
Guinea,GIN,GDP (current US$),NY.GDP.MKTP.CD,2020,14177835840.8311
Kenya,KEN,GDP (current US$),NY.GDP.MKTP.CD,2020,100657505600.655
Liberia,LBR,GDP (current US$),NY.GDP.MKTP.CD,2020,3039982500
Libya,LBY,GDP (current US$),NY.GDP.MKTP.CD,2020,46808208747.2754
Madagascar,MDG,GDP (current US$),NY.GDP.MKTP.CD,2020,13051441203.4474
Malawi,MWI,GDP (current US$),NY.GDP.MKTP.CD,2020,12056108780.2073
Mali,MLI,GDP (current US$),NY.GDP.MKTP.CD,2020,17465392779.0366
Mozambique,MOZ,GDP (current US$),NY.GDP.MKTP.CD,2020,14156864916.4711
Namibia,NAM,GDP (current US$),NY.GDP.MKTP.CD,2020,10583748757.3345
Niger,NER,GDP (current US$),NY.GDP.MKTP.CD,2020,13744174582.2532
Rwanda,RWA,GDP (current US$),NY.GDP.MKTP.CD,2020,10172925171.5869
Senegal,SEN,GDP (current US$),NY.GDP.MKTP.CD,2020,24530513058.5946
Sierra Leone,SLE,GDP (current US$),NY.GDP.MKTP.CD,2020,4062906363.55623
Somalia,SOM,GDP (current US$),NY.GDP.MKTP.CD,2020,6883000000
South Africa,ZAF,GDP (current US$),NY.GDP.MKTP.CD,2020,337619569570.511
South Sudan,SSD,GDP (current US$),NY.GDP.MKTP.CD,2020,..
Sudan,SDN,GDP (current US$),NY.GDP.MKTP.CD,2020,27034593750
Tanzania,TZA,GDP (current US$),NY.GDP.MKTP.CD,2020,66068737757.2651
Togo,TGO,GDP (current US$),NY.GDP.MKTP.CD,2020,7389329392.7704
Uganda,UGA,GDP (current US$),NY.GDP.MKTP.CD,2020,37605430214.347
Africa Eastern and Southern,AFE,GDP (current US$),NY.GDP.MKTP.CD,2020,927593321647.664
Africa Western and Central,AFW,GDP (current US$),NY.GDP.MKTP.CD,2020,786460035395.026
Sub-Saharan Africa,SSF,GDP (current US$),NY.GDP.MKTP.CD,2020,1714053357042.69
Botswana,BWA,GDP (current US$),NY.GDP.MKTP.CD,2021,18737066306.9659
Burkina Faso,BFA,GDP (current US$),NY.GDP.MKTP.CD,2021,19737616003.022
Burundi,BDI,GDP (current US$),NY.GDP.MKTP.CD,2021,2775798697.16485
Cabo Verde,CPV,GDP (current US$),NY.GDP.MKTP.CD,2021,2091741774.10772
Cameroon,CMR,GDP (current US$),NY.GDP.MKTP.CD,2021,45338285386.1044
Central African Republic,CAF,GDP (current US$),NY.GDP.MKTP.CD,2021,2516498412.31361
Chad,TCD,GDP (current US$),NY.GDP.MKTP.CD,2021,11779981332.1599
"Congo, Dem. Rep.",COD,GDP (current US$),NY.GDP.MKTP.CD,2021,55350968593.0597
"Congo, Rep.",COG,GDP (current US$),NY.GDP.MKTP.CD,2021,13366230821.3293
Cote d'Ivoire,CIV,GDP (current US$),NY.GDP.MKTP.CD,2021,71811075954.676
Djibouti,DJI,GDP (current US$),NY.GDP.MKTP.CD,2021,3372287461.80812
"Egypt, Arab Rep.",EGY,GDP (current US$),NY.GDP.MKTP.CD,2021,424671765455.704
Equatorial Guinea,GNQ,GDP (current US$),NY.GDP.MKTP.CD,2021,12269393392.1579
Eritrea,ERI,GDP (current US$),NY.GDP.MKTP.CD,2021,..
Eswatini,SWZ,GDP (current US$),NY.GDP.MKTP.CD,2021,4748702400.66283
Gabon,GAB,GDP (current US$),NY.GDP.MKTP.CD,2021,20217946921.2063
"Gambia, The",GMB,GDP (current US$),NY.GDP.MKTP.CD,2021,2038414973.57173
Ghana,GHA,GDP (current US$),NY.GDP.MKTP.CD,2021,79156409409.8581
Guinea-Bissau,GNB,GDP (current US$),NY.GDP.MKTP.CD,2021,1638517606.88578
Guinea,GIN,GDP (current US$),NY.GDP.MKTP.CD,2021,16091817842.2348
Kenya,KEN,GDP (current US$),NY.GDP.MKTP.CD,2021,109703659312.872
Liberia,LBR,GDP (current US$),NY.GDP.MKTP.CD,2021,3509000000
Libya,LBY,GDP (current US$),NY.GDP.MKTP.CD,2021,39798423941.0335
Madagascar,MDG,GDP (current US$),NY.GDP.MKTP.CD,2021,14554754115.2112
Malawi,MWI,GDP (current US$),NY.GDP.MKTP.CD,2021,12602334123.7637
Mali,MLI,GDP (current US$),NY.GDP.MKTP.CD,2021,19309463505.9833
Mozambique,MOZ,GDP (current US$),NY.GDP.MKTP.CD,2021,15776757419.5197
Namibia,NAM,GDP (current US$),NY.GDP.MKTP.CD,2021,12446290854.8973
Niger,NER,GDP (current US$),NY.GDP.MKTP.CD,2021,14915002098.4975
Rwanda,RWA,GDP (current US$),NY.GDP.MKTP.CD,2021,11055281971.0454
Senegal,SEN,GDP (current US$),NY.GDP.MKTP.CD,2021,27569136728.2565
Sierra Leone,SLE,GDP (current US$),NY.GDP.MKTP.CD,2021,4249234573.98708
Somalia,SOM,GDP (current US$),NY.GDP.MKTP.CD,2021,7628000011.46357
South Africa,ZAF,GDP (current US$),NY.GDP.MKTP.CD,2021,419015636064.711
South Sudan,SSD,GDP (current US$),NY.GDP.MKTP.CD,2021,..
Sudan,SDN,GDP (current US$),NY.GDP.MKTP.CD,2021,34229513774.9936
Tanzania,TZA,GDP (current US$),NY.GDP.MKTP.CD,2021,70655628140.5826
Togo,TGO,GDP (current US$),NY.GDP.MKTP.CD,2021,8334047485.51396
Uganda,UGA,GDP (current US$),NY.GDP.MKTP.CD,2021,40510241365.9029
Africa Eastern and Southern,AFE,GDP (current US$),NY.GDP.MKTP.CD,2021,1081998139192.47
Africa Western and Central,AFW,GDP (current US$),NY.GDP.MKTP.CD,2021,844459722152.991
Sub-Saharan Africa,SSF,GDP (current US$),NY.GDP.MKTP.CD,2021,1926457861345.46
Botswana,BWA,GDP (current US$),NY.GDP.MKTP.CD,2022,20352322157.1467
Burkina Faso,BFA,GDP (current US$),NY.GDP.MKTP.CD,2022,18884619613.4388
Burundi,BDI,GDP (current US$),NY.GDP.MKTP.CD,2022,3073414677.84385
Cabo Verde,CPV,GDP (current US$),NY.GDP.MKTP.CD,2022,2314816792.06291
Cameroon,CMR,GDP (current US$),NY.GDP.MKTP.CD,2022,44341646509.2193
Central African Republic,CAF,GDP (current US$),NY.GDP.MKTP.CD,2022,2382618615.3562
Chad,TCD,GDP (current US$),NY.GDP.MKTP.CD,2022,12704149842.0373
"Congo, Dem. Rep.",COD,GDP (current US$),NY.GDP.MKTP.CD,2022,58065953573.3247
"Congo, Rep.",COG,GDP (current US$),NY.GDP.MKTP.CD,2022,14615532210.0523
Cote d'Ivoire,CIV,GDP (current US$),NY.GDP.MKTP.CD,2022,70018715016.6967
Djibouti,DJI,GDP (current US$),NY.GDP.MKTP.CD,2022,3515109075.46098
"Egypt, Arab Rep.",EGY,GDP (current US$),NY.GDP.MKTP.CD,2022,476747720364.742
Equatorial Guinea,GNQ,GDP (current US$),NY.GDP.MKTP.CD,2022,11813908447.8131
Eritrea,ERI,GDP (current US$),NY.GDP.MKTP.CD,2022,..
Eswatini,SWZ,GDP (current US$),NY.GDP.MKTP.CD,2022,4854167638.37388
Gabon,GAB,GDP (current US$),NY.GDP.MKTP.CD,2022,21071739227.9428
"Gambia, The",GMB,GDP (current US$),NY.GDP.MKTP.CD,2022,2273060863.13981
Ghana,GHA,GDP (current US$),NY.GDP.MKTP.CD,2022,72838798787.7066
Guinea-Bissau,GNB,GDP (current US$),NY.GDP.MKTP.CD,2022,1633559092.06611
Guinea,GIN,GDP (current US$),NY.GDP.MKTP.CD,2022,21227749388.7287
Kenya,KEN,GDP (current US$),NY.GDP.MKTP.CD,2022,113420008178.793
Liberia,LBR,GDP (current US$),NY.GDP.MKTP.CD,2022,4001047150
Libya,LBY,GDP (current US$),NY.GDP.MKTP.CD,2022,45752336035.9846
Madagascar,MDG,GDP (current US$),NY.GDP.MKTP.CD,2022,14954967604.4073
Malawi,MWI,GDP (current US$),NY.GDP.MKTP.CD,2022,13164667626.9363
Mali,MLI,GDP (current US$),NY.GDP.MKTP.CD,2022,18827176532.3169
Mozambique,MOZ,GDP (current US$),NY.GDP.MKTP.CD,2022,17851491427.6765
Namibia,NAM,GDP (current US$),NY.GDP.MKTP.CD,2022,12607436975.946
Niger,NER,GDP (current US$),NY.GDP.MKTP.CD,2022,13969605582.5202
Rwanda,RWA,GDP (current US$),NY.GDP.MKTP.CD,2022,13312796765.2336
Senegal,SEN,GDP (current US$),NY.GDP.MKTP.CD,2022,27684430244.4907
Sierra Leone,SLE,GDP (current US$),NY.GDP.MKTP.CD,2022,3970343852.31939
Somalia,SOM,GDP (current US$),NY.GDP.MKTP.CD,2022,8126105600
South Africa,ZAF,GDP (current US$),NY.GDP.MKTP.CD,2022,405869718462.343
South Sudan,SSD,GDP (current US$),NY.GDP.MKTP.CD,2022,..
Sudan,SDN,GDP (current US$),NY.GDP.MKTP.CD,2022,51662241775.2425
Tanzania,TZA,GDP (current US$),NY.GDP.MKTP.CD,2022,75709289056.4457
Togo,TGO,GDP (current US$),NY.GDP.MKTP.CD,2022,8126439480.61302
Uganda,UGA,GDP (current US$),NY.GDP.MKTP.CD,2022,45559202048.7345
Africa Eastern and Southern,AFE,GDP (current US$),NY.GDP.MKTP.CD,2022,1169483734191.46
Africa Western and Central,AFW,GDP (current US$),NY.GDP.MKTP.CD,2022,877863284874.068
Sub-Saharan Africa,SSF,GDP (current US$),NY.GDP.MKTP.CD,2022,2047347019065.53
